date,title,speaker,audio,youtube,transcript,html
10/4/2026,Attention is the Beginning,,2026-10-04.mp3,ISiBfbCrhYI,,
9/20/2026,What Are We Doing Here,,2026-09-20.mp3,XPoq1MhqJPk,,
6/7/2026,A Story Truer Than the One We've Been Told,,2026-06-07.mp3,5MyY_pDDCQc,,
5/31/2026,Let Your Good Heart Stay Open,,2026-05-31.mp3,f9MEL24OSfc,,
5/24/2026,We Were Built For This,Rev. Sámhna Scott,2026-05-24.mp3,hurbSjpXY-I,,
4/26/2026,By the Light of the Moon,Rev. Megan Lynes,2026-04-26.mp3,U6hV43L9BRc,,
4/19/2026,It's Not Too Late,,2026-04-19.mp3,R0KYTMAd-G8,,
4/12/2026,What You Bring to This World,,2026-04-12.mp3,mpHWxOt42ig,,
4/5/2026,Hope Rises (Easter),,2026-04-05.mp3,hpW4FAyAp6E,,
3/29/2026,Let's Begin Now,,2026-03-29.mp3,BWkHLUABSY0,,
3/22/2026,Rising to What is Life-Giving,,2026-03-22.mp3,d2nq6uHIZLw,,
3/15/2026,CityReach Experience,"Cindy Koegler, Director of Youth Ministry, with CityReach youth and parents",2026-03-15.mp3,wVNEvKhB75Y,,
3/8/2026,"Small, Ordinary Mercies",,2026-03-08.mp3,cpzk5_8l1oI,,
2/22/2026,Where Nobody Is Too Much and Nobody Is Alone,Rev. Megan Lynes,2026-02-22.mp3,irkxVdefq2c,,
2/8/2026,Climb Aboard,Assistant Minister Sámhna Scott,2026-02-08.mp3,lkAwUJEpkaM,,
2/1/2026,What Does it Mean to be Brave,Rev. Elea Kemler and Assistant Minister Sámhna Scott,2026-02-01.mp3,iTM_pmdfLXk,,
1/11/2026,The Social Change Ecosystem,Assistant Minister Sámhna Erin Scott,2026-01-11.mp3,7YNTrG31CPc,,
1/4/2026,The Yeast Is Critical,,2026-01-04.mp3,x82q7Ud7ZPg,,
12/24/2025,"The Hope That Keeps Holding Us To This Broken, Blessed Earth (Christmas Eve)",,2025-12-24.mp3,cQyJ6V534fg,,
12/14/2025,By A Love That Burns Relentlessly,,2025-12-14.mp3,6SnfKmGFIL8,,
12/7/2025,Even the Smallest Hope Knows Itself By Its Melody,,2025-12-07.mp3,XWayc7tvE60,,
11/30/2025,Words for First Parish Young Adults,"Haley Watson, Avery Luening, and Rev. Elea Kemler (reading for Nate Clark)",2025-11-30.mp3,EkBMa-Ylk0Y,,
11/16/2025,"Old Words, New Meanings",Student Minister Sámhna Erin Scott,2025-11-16.mp3,Yb0_J8zNt2Q,,
11/9/2025,The Revolution That Begins Inside the Human Heart,,2025-11-09.mp3,nBiNzsAS8c4,,
10/26/2025,Not Done with My Changes,Rev. Megan Lynes,2025-10-26.mp3,apxwSpadElA,,
10/19/2025,Justice When It's Personal,Student Minister Sámhna Erin Scott,2025-10-19.mp3,q09VPa_YX00,,
9/21/2025,"In this Autumn Light, There is a Path for Beginning Again",,2025-09-21.mp3,up0SfF3WDQ0,,
9/14/2025,Shifting the Story,,2025-09-14.mp3,6xQ6YeyU7Eg,,
6/1/2025,How Did We Come This Far? (25th anniversary as our minister),,2025-06-01.mp3,eo8knnYaulM,,
5/25/2025,Confronting Marvelous Truth,Rev. Megan Lynes,2025-05-25.mp3,_vuHXVqv7DE,,
5/11/2025,On This Fresh Morning in the Broken World,,2025-05-11.mp3,aygjM1loY2I,,
5/4/2025,Led by the Question: Is This the Path of Love,,2025-05-04.mp3,C0jCp3qHiYQ,,
4/20/2025,Easter Reflection,,2025-04-20.mp3,2NPF3WFoEL0,,
4/13/2025,What We Promise Each Other,,2025-04-13.mp3,WvEN1AWt9bc,,
3/30/2025,Sacred Rage and the Healing We Dare to Imagine,,2025-03-30.mp3,tGBYD-DIptU,,
3/23/2025,This Gorgeous Experiment,,2025-03-23.mp3,1nThNwLvQOE,,
3/9/2025,This Still Bright Thread of Hope,,2025-03-09.mp3,VK3s_HtFL6Q,,
3/2/2025,"Even Now, The Net is There",,2025-03-02.mp3,Wn78aA9ed9s,,
2/16/2025,Love Relentlessly,,2025-02-16.mp3,RWwNFOHwCaE,,
2/9/2025,Rising in Fierce Love,,2025-02-09.mp3,OcNhe_pOMiw,,
2/2/2025,Today the Invitation is Clear,,2025-02-02.mp3,lode2BEvfbk,,
1/26/2025,Exploring the Radical Nature of Love,Rev. Carrington Moore,2025-01-26.mp3,RFbxz50fIrg,,
1/12/2025,It Will Be Us,,2025-01-12.mp3,wbOYZUb0Ekc,,
1/5/2025,What is the Yes?,,2025-01-05.mp3,fk444rnPxUI,,
12/24/2024,A Blessing Made From the Broken Things (Christmas Eve),,2024-12-24.mp3,NdCzzeAESQY,,
12/8/2024,Fierce Love,,2024-12-08.mp3,L62AL9o7ybs,,
12/1/2024,Spoilers,Rev. Tom Nalesnik,2024-12-01.mp3,xvzKuqw8Xqo,,
11/17/2024,Still Guided Home,,2024-11-17.mp3,gGrYtQvYbKQ,,
11/10/2024,"Even as the Cold Descends, We Can Love",,2024-11-10.mp3,eQgjChZu0YA,,
11/3/2024,The Wholeness We Keep Trying to Imagine,,2024-11-03.mp3,p8gGvqpdrSc,,
10/20/2024,Remembering Laughter,,2024-10-20.mp3,tg6xkka-qBg,,
10/6/2024,Sweetening Everything,,2024-10-06.mp3,99Ax-qm5H0U,,
9/29/2024,Let Us Be Hope For One Another,,2024-09-29.mp3,DGxO3d66SRU,,
9/22/2024,How Trustworthy the Rising,,2024-09-22.mp3,OBBwSSVGMwM,,
9/15/2024,I Believe in That,,2024-09-15.mp3,7KNMBf4ZI2U,,
6/2/2024,At This Moment of Ending (final reflection),"Li Kynvi, Student Minister in Residence",2024-06-02.mp3,W-NgF2JNuGc,,
5/26/2024,Rippling,Li Kynvi,2024-05-26.mp3,LLTeIk1u7GQ,,
5/12/2024,Our Gift to an Aching World,,2024-05-12.mp3,-81bSUOEA7A,,
5/5/2024,Terms & Conditions Apply,Li Kynvi,2024-05-05.mp3,EWHM9LqPMG4,,
4/28/2024,A Way of Going,,2024-04-28.mp3,3QAnjSVKEPg,,
4/7/2024,The Holy and the Broken,Li Kynvi,2024-04-07.mp3,dLXmEmYDLtU,,
3/31/2024,The Voices Under All Silences (Easter),,2024-03-31.mp3,BOGVi_ecDYw,,
3/24/2024,Stories of Our Hearts' Desires,Li Kynvi,2024-03-24.mp3,dgbyld_MLtM,,
3/10/2024,"Dust, Ashes and the Breath of God",,2024-03-10.mp3,Pr_FOFp8tj8,,
3/3/2024,Reflections on the 8th Principle,Li Kynvi,2024-03-03.mp3,8UqArT47eLc,,
2/25/2024,I Don't Know What to Call It,,2024-02-25.mp3,fc-OZmeI7FQ,,
2/18/2024,"Get Some Sleep, Eat an Orange, Hope for Everything",,2024-02-18.mp3,tjrArr0X2HE,,
2/4/2024,A Theology of Humility,Li Kynvi,2024-02-04.mp3,vczfGJZenxQ,,
1/28/2024,Return to Love like a North Star,,2024-01-28.mp3,XvqGL4YYcB4,,
1/21/2024,Can We Stay Longer?,,2024-01-21.mp3,hv6lt0CUB_w,,
12/10/2023,Making Space for Wonder,Li Kynvi,2023-12-10.mp3,H1vILyxAonE,,
12/3/2023,Practicing Wonder,,2023-12-03.mp3,uVzRTIAzCno,,
11/26/2023,Words from Young Adults,"May Brackett, Grace Flanagan, and Marisa Benson",2023-11-26.mp3,S4yr9mJQJa4,,
11/12/2023,Partakers,Arthur Bembury and Angelia Jefferson,2023-11-12.mp3,MAyngI9tv8A,,
10/29/2023,Lessons for Future Ancestors,Matt Meyer,2023-10-29.mp3,Gh8LpiaIFNc,,
10/22/2023,out into the gap,Li Kynvi,2023-10-22.mp3,nddrc8lSPhQ,,
10/15/2023,Holding Out a Dented Cup,,2023-10-15.mp3,Bq1IMt4hzaw,,
10/8/2023,Stories of Bright & Broken Hearts,,2023-10-08.mp3,yrUxMjad1_U,,
10/1/2023,"What Could This Be, if It Isn't a Prayer",,2023-10-01.mp3,JfFYbSODQy8,,
9/24/2023,The Hardest Words,,2023-09-24.mp3,N-t0TIHDaiE,,
9/17/2023,"Starting Over, Waking Up",,2023-09-17.mp3,aPcvs9AGa6Q,,
6/18/2023,,,,nUb_6A6_zA4,,
6/11/2023,,,,rEtWuEtIIg0,,
6/4/2023,,,,z3D2Es-8py8,,
5/28/2023,,,,iew4Ktq7q5Q,,
5/21/2023,,,,Y3qLQuPLktE,,
5/14/2023,,,,bHwH9CoY1iM,,
5/7/2023,,,,W6dkHYN0DqE,,
4/30/2023,,,,1kCnn8gfWe0,,
4/23/2023,,,,OPUeLdXMSNg,,
4/16/2023,,,,Ns_sjDbJ0Rg,,
4/9/2023,,,,VypUnhCEmRo,,
4/2/2023,,,,wzXl5UKFANI,,
3/26/2023,,,,u7tACqwN9yE,,
3/19/2023,,,,dMvSuQlAREA,,
3/12/2023,,,,WGbuwu2ZF44,,
3/5/2023,,,,x7XM_rEmlJc,,
2/26/2023,,,,So9YAtYUX6g,,
2/19/2023,,,,PPNu42Sps1w,,
2/12/2023,,,,2pdaynjJ748,,
2/5/2023,,,,6vSHY2JgF0k,,
1/29/2023,,,,5EQO3McOnHI,,
1/22/2023,,,,u5Tge78n3V8,,
1/15/2023,,,,enfu2CzJ6YY,,
1/8/2023,,,,aYLEBcDpgtw,,
12/24/2022,,,,JclbefMLhFw,,
12/18/2022,,,,UA4a5-P5DWE,,
12/11/2022,,,,7HkdCpTEM20,,
12/4/2022,,,,7bryixBH7rQ,,
11/27/2022,,,,6QOgfeeoqdo,,
11/20/2022,,,,2sMqzIqWPIs,,
11/13/2022,,,,U_Zs_36YUiM,,
11/6/2022,,,,wLCDGzgp_xQ,,
10/30/2022,,,,cJ0S0nME30A,,
10/23/2022,,,,MMxxuMGjZj0,,
10/16/2022,,,,QilKRwAV9SU,,
10/9/2022,,,,wm2ySwsgL_E,,
10/2/2022,,,,HU5A6tfZY0Y,,
9/25/2022,,,,O8b27q22QSM,,
9/18/2022,,,,QPfLUz45cZE,,
9/11/2022,,,,l9tX6sp6F3U,,
6/12/2022,,,,p87bAKCSJYg,,
6/5/2022,,,,0hI7Hyx1VQ8,,
5/29/2022,,,,Hi7vDFsJvoY,,
5/22/2022,,,,D3OIOGVEFaI,,
5/15/2022,,,,UAZMiKkKUH0,,
5/8/2022,,,,q0uDTAXA31A,,
5/1/2022,,,,SUZf7AyNmWo,,
4/24/2022,,,,us22ZMfQh6A,,
4/17/2022,,,,uXlx3bsSZc8,,
4/10/2022,,,,DOsg1PHvweI,,
4/3/2022,,,,bsZV7aLK-YM,,
3/27/2022,,,,hT3rZw_zNpY,,
3/20/2022,,,,WGprr_8IVtU,,
3/13/2022,,,,49MA15NMNGE,,
3/6/2022,,,,weNkmuYHUts,,
2/27/2022,,,,NlIqFF_ao30,,
2/20/2022,,,,I8rVxMjAqS0,,
2/13/2022,,,,hOM_1xx-Ym4,,
2/6/2022,,,,t7TtK56uyek,,
1/30/2022,,,,Qq_Y7j6UR4Y,,
1/23/2022,,,,jNSHWnmc71s,,
1/16/2022,,,,YmOLMbafEWY,,
1/9/2022,,,,SOp66aK6zwA,,
1/2/2022,,,,1C1Gwl7NBis,,
12/26/2021,,,,dXhVIQZSl28,,
12/24/2021,,,,5wgU4IPjzBg,,
12/12/2021,,,,bGthcq-Z6Fw,,
12/5/2021,,,,SukQHR9ZYCE,,
11/28/2021,,,,KcKWNRFBUWs,,
11/21/2021,,,,Bckr06cI10Q,,
11/14/2021,,,,ByoWfjZ9IqA,,
10/31/2021,,,,fRgEhDLOMhw,,
10/24/2021,,,,TM_Iu_eR7L0,,
10/10/2021,,,,M1GVR-s1pWY,,
9/26/2021,,,,E9ayeW8usZ8,,
8/25/2021,,,,wAVLZf1zZRY,,
6/20/2021,,,,OJOI0khrskA,,
6/13/2021,Bridging,,,sCbiwTAoC5Q,,
6/6/2021,Emerging,,,52t5lnaaA4w,,
5/30/2021,Memorializing the Fallen,,2021-05-30.mp3,Dbpo0imhEDg,,
5/23/2021,Stories Thin and Thick,,2021-05-23.mp3,p6S3bXk3mWs,,
5/9/2021,How to Hold the Deeper Stories,,2021-05-09.mp3,lhQzmcsGpm4,,
5/2/2021,,,,,,"We’re All a Little Broken and We All Belong (<a href=""https://uugroton.github.io/sermons/2021-05-02.mp3"" rel=""noopener"" target=""_blank"">audio</a>; <a href=""https://youtu.be/luZz6a9ZRNY"" rel=""noopener"" target=""_blank"">video: the Singing Ministers</a>; <a href=""https://youtu.be/eu3_Kbqauoo"" rel=""noopener"" target=""_blank"">YouTube</a>)"
4/25/2021,,,,,,"Becoming (<a href=""https://uugroton.github.io/sermons/2021-04-25.mp3"" rel=""noopener"" target=""_blank"">audio, Li Kynvi</a>; <a href=""https://youtu.be/4EOZ1AowjqY"" rel=""noopener"" target=""_blank"">video: How to meditate</a>, Li Kynvi; <a href=""https://youtu.be/p5s4HL0Sxf0"" rel=""noopener"" target=""_blank"">YouTube</a>)"
4/18/2021,"Never Finished, Always Enough",,2021-04-18.mp3,czOiC5cxULg,,
4/4/2021,Easter: We Rise,,2021-04-04-li.mp3=audio – Li Kynvi;2021-04-04-elea.mp3=audio –Elea Kemler,1cUeYUUyDsM,,
3/21/2021,What Will We Carry Forward?,,2021-03-21.mp3,06ktn-mwPPI,,
3/7/2021,The Light of Change,,2021-03-07.mp3,wwY4Mr6j1PE,,
2/28/2021,Beginning with the End in Mind,,2021-02-28.mp3,9JwnHErsZug,,
2/7/2021,"Beautiful, Broken, and Real",,2021-02-07.mp3,NAH58r9OXOU,,
1/31/2021,"Both, Between, and Neither (Li Kynvi)",,2021-01-31.mp3,9mh2OuzFqgk,,
1/24/2021,Hineni,,2021-01-24.mp3,_rY8plEOvsQ,,
1/17/2021,Our Better Angels,,2021-01-17.mp3,suGWJKt4ihY,,
1/10/2021,What To Tell the Children,,2021-01-10.mp3,YyZ9p_mbzX0,,
1/3/2021,A New Word for a New Year,,2021-01-03.mp3,xYy0t_Mpri8,,
12/5/2020,Thirty-first,,2020-12-05.mp3,bRoIlAuDrGo,,
11/22/2020,Thirtieth,,,Yzba3bJ1MRI,,
11/8/2020,Twenty-ninth,,,Zkq8mgyjHgg,,
11/1/2020,Twenty-eighth,,,pg5L3IFgklU,,
10/18/2020,Twenty-seventh,,2020-10-18.mp3,GRNZElX4CbM,,
10/11/2020,Twenty-sixth,,2020-10-11.mp3,vsb-v0iFSrY,,
10/4/2020,Twenty-fifth,,2020-10-04.mp3,xVxPrJyyF5Y,,
9/27/2020,Twenty-fourth,,2020-09-27.mp3,gN2sAsFPSYM,,
9/20/2020,Twenty-third,,2020-09-20.mp3,_TM_ftMfqkA,,
9/13/2020,Twenty-second,,2020-09-13.mp3,gGUs1taNHQc,,
8/23/2020,Twenty-first,,2020-08-23.mp3,on3gaDm4caY,,
8/16/2020,Twentieth,,2020-08-16.mp3,hIj9NhJnALM,,
8/2/2020,Nineteenth,,2020-08-02.mp3,7aOwjjxsIAU,,
7/22/2020,Second virtual church service,,,5iUmhbi0qpo,,
7/19/2020,Eighteenth,,2020-07-19.mp3,2gUNWrTz32E,,
7/15/2020,FPCoG’s first virtual church service,,,2G9PFEI480w,,
7/12/2020,Seventeenth,,2020-07-12.mp3,R-wCHHe2WSI,,
7/5/2020,Sixteenth,,2020-07-05.mp3,eaAqEwv-EzY,,
6/21/2020,Fifteenth,,2020-06-21.mp3,1ZODCbD-faA,,
6/14/2020,Fourteenth,,2020-06-14.mp3,Bg-g6QQOVkQ,,
6/7/2020,Thirteenth (Alison Chase),,2020-06-07.mp3,xZAO6xgVtqo,,
5/31/2020,Twelfth,,2020-05-31.mp3,jax4DypNKkc,,
5/24/2020,Eleventh,,2020-05-24.mp3,H4IwKKOU87g,,
5/17/2020,Tenth,,2020-05-17.mp3,60PgCF2tBok,,
5/10/2020,Ninth,,2020-05-10.mp3,8at_WdDOVl4,,
5/3/2020,Eighth,,2020-05-03.mp3,2Fz8r2gKzkE,,
4/26/2020,Seventh,,2020-04-26.mp3,L6ih9lZvLBg,,
4/19/2020,Sixth: Three Ministers Walk Into a Deli,,2020-04-19.mp3,dhJZk2k0UTc,,
4/12/2020,Fifth virtual church service,,2020-04-12.mp3,oIAs2MWEueU,,
4/5/2020,Fourth virtual church service,,2020-04-05.mp3,oFwgWwPfJ5E,,
3/29/2020,Third virtual church service,,2020-03-29.mp3,rrMGVi5EzbQ,,
3/8/2020,Mend and Repair (Rev. Mary Margaret Earl),,2020-03-08.mp3,,,
3/1/2020,Five Things Not to Believe,,2020-03-01.mp3,,,
2/23/2020,Feed Your Enemy’s Children; Learn Their Word for Home,,2020-02-23.mp3,,,
2/16/2020,Be Generous in Your Dreaming,,2020-02-16.mp3,,,
2/9/2020,"Blessed Are the Forgotten, the Unrepresented, and the Kind",,2020-02-09.mp3,,,
2/2/2020,Patience Is More Than A Virtue (Nancy Baker),,2020-02-02.mp3,,,
1/26/2020,The Place Where I Stand,,2020-01-26.mp3,,,
1/19/2020,Braver Together,,2020-01-19.mp3,,,
1/12/2020,To Hope Is to Give Yourself to the Future,,2020-01-12.mp3,,,
1/5/2020,Beautiful in the Inches,,2020-01-05.mp3,,,
12/24/2019,,,,,,"A Pinhole of Light (<a href=""https://legacy.uugroton.org/Sermons/apinholeoflight.html"">transcript</a>) <br/>(<a href=""https://themoth.org/stories/a-phone-call"">Autumn Sandrom’s Moth story</a>)"
12/15/2019,"In Defiance, In Hope, In Delight, In Gladness",,2019-12-15.mp3,,,
12/8/2019,"Refections on a Superhero Peace Candle (Eric Elbot) ; Undone and Imperfect, Alive and Filled with Grace (Rev. Kemler)",,2019-12-08-elbot.mp3;2019-12-08.mp3,,,
11/17/2019,"Vulnerability is the Path, Courage is the Light",,2019-11-17.mp3,,,
11/10/2019,The Way of The Heart (Marisa Benson),,2019-11-10.mp3,,,
10/20/2019,These Fleeting Temples We Make Together,,2019-10-20.mp3,,,
10/13/2019,On Behalf of Life,,2019-10-13.mp3,,https://legacy.uugroton.org/Sermons/onbehalfoflife.html,
10/6/2019,"Start Over, Always Start Over",,2019-10-06.mp3,,,
9/29/2019,"In This Autumn Light, There Is a Path for Beginning Again",,2019-09-29.mp3,,,
9/22/2019,The Thread That Runs Between Us,,2019-09-22.mp3,,https://legacy.uugroton.org/Sermons/thethreadthatrunsbetweenus.html,
9/15/2019,The No Becoming Yes,,2019-09-15.mp3,,https://legacy.uugroton.org/Sermons/thenobecomingyes.html,
6/2/2019,Gone to the Fields to Be Lovely,,2019-06-02.mp3,,,
5/19/2019,The Place We Stand on the Days our Feet are Sore,,2019-05-19.mp3,,,
5/12/2019,"Kiss This Beautiful, Holy Ground",,2019-05-12.mp3,,,
5/5/2019,Perpetual Becoming (Marisa Benson),,2019-05-05-m-bens.mp3,,,
4/28/2019,,,,,,"Restoring a Cemetery in Bialystock (Josh &amp; Amy Degan) (<a href=""https://uugroton.github.io/sermons/2019-04-28-ja-degan.mp3"" rel=""noopener"" target=""_blank"">audio</a>; <a href=""http://bialystokcemeteryrestoration.org"">Bialystok Cenetery Restoration</a>)"
4/21/2019,The Doors of Hope,,2019-04-21.mp3,,,
4/14/2019,Living at the Edge of Our Imaginations,,2019-04-14.mp3,,https://legacy.uugroton.org/Sermons/livingattheedgeofourimaginations.html,
3/24/2019,Radical Hospitality: Notes for Living on Planet Earth,,2019-03-24.mp3,zk--XN4ozr8,https://legacy.uugroton.org/Sermons/radicalhospitality.html,
3/17/2019,Larger Worlds Than We Can Imagine,,2019-03-17.mp3,,,
3/10/2019,"Loaves, Fishes, and My Grandmother’s Cookies",,2019-03-10.mp3,,,
3/3/2019,Loved into Being ([partial — missing the last 1–2 min.]),,2019-03-03.mp3,,https://legacy.uugroton.org/Sermons/lovedintobeing.html,
2/24/2019,The Fibrillating Heart of the World,,2019-02-24.mp3,,https://legacy.uugroton.org/Sermons/thefibrillatingheartoftheworld.html,
2/17/2019,UU Faith (Jane Thickstun),,2019-02-17-j-thickstun.mp3,,,
2/10/2019,"The Kindness Which Sustains This Beautiful, Aching World",,2019-02-10.mp3,,,
2/3/2019,Faithful to Living,,2019-02-03.mp3,,,
1/13/2019,Flesh and Blood and Bone and Spirit,,2019-01-13.mp3,,https://legacy.uugroton.org/Sermons/thebodysgrace.html,
1/6/2019,How to Give Yourself to This World,,2019-01-06.mp3,,,
12/24/2018,"The Beautiful, Aching Work of Repair",,2018-12-24.mp3,,https://legacy.uugroton.org/Sermons/thebeautifulachingworkofrepair.html,
12/16/2018,The Joy that Finds Us So Ready and So Unprepared,,2018-12-16.mp3,,,
12/9/2018,Shall We Cross Over?,,2018-12-09.mp3,,,
12/2/2018,Blessing the Way,,2018-12-02.mp3,,https://legacy.uugroton.org/Sermons/blessingtheway.html,
11/25/2018,Coming Home to Ourselves (Marisa Benson),,2018-11-25.mp3,,,
11/11/2018,Carbonated Holiness: How Stories and Laughter Save Us Over and Over Again,,2018-11-11.mp3,,,
10/28/2018,,,,,,"Reflections (<a href=""https://uugroton.github.io/sermons/2018-10-28-s-liem.mp3"" rel=""noopener"" target=""_blank"">Steve Lieman</a> — <a href=""https://uugroton.github.io/sermons/2018-10-28-l-giro.mp3"" rel=""noopener"" target=""_blank"">Lisa Girolamo</a>)"
10/21/2018,Silver Linings (Matthew Dicks),,2018-10-21.mp3,,,
10/14/2018,The Mightiest Word,,2018-10-14.mp3,,,
10/7/2018,Inside the Quiet Places of Your Heart,,2018-10-07.mp3,,,
9/30/2018,Always Hope,,2018-09-30.mp3,,,
9/23/2018,Let the Space in My Heart Be Open,,2018-09-23.mp3,,,
9/16/2018,Each of Us Is More,,2018-09-16.mp3,,,
6/17/2018,Love the Hell Out of this World (Matt Meyer),,2018-06-17-m-meyer.mp3,,,
5/27/2018,Keep That as a Smooth Stone,,2018-05-27.mp3,,,
5/20/2018,,,,,,"Reflections on international resettlement by <a href=""https://uugroton.github.io/sermons/2018-05-20-l-wool.mp3"" rel=""noopener"" target=""_blank"">Laura Wool</a>, <a href=""https://uugroton.github.io/sermons/2018-05-20-r-muya.mp3"" rel=""noopener"" target=""_blank"">Rogers Muyanja</a>"
5/13/2018,A Great and Common Tenderness,,2018-05-13.mp3,,,
5/6/2018,Awakening (Nick Maciel),,2018-05-06-n-maci.mp3,,,
4/29/2018,,,,,,"Coming of Age: Credo statements (in Members area) by <a href=""https://legacy.uugroton.org/Members/coa-2018/2018-04-29-credo-j-huds.mp3"" rel=""noopener"" target=""_blank"">Julia Hudson</a>, <a href=""https://legacy.uugroton.org/Members/coa-2018/2018-04-29-credo-o-loga.mp3"" rel=""noopener"" target=""_blank"">Olivia Logan</a>, <a href=""https://legacy.uugroton.org/Members/coa-2018/2018-04-29-credo-i-stan.mp3"" rel=""noopener"" target=""_blank"">Isabel Stanley-Kemler</a>, <a href=""https://legacy.uugroton.org/Members/coa-2018/2018-04-29-credo-s-huds.mp3"" rel=""noopener"" target=""_blank"">Sarah Hudson</a>, <a href=""https://legacy.uugroton.org/Members/coa-2018/2018-04-29-credo-s-stra.mp3"" rel=""noopener"" target=""_blank"">Sarah Stram</a>, <a href=""https://legacy.uugroton.org/Members/coa-2018/2018-04-29-credo-t-burn.mp3"" rel=""noopener"" target=""_blank"">Trudy Burnham</a>, <a href=""https://legacy.uugroton.org/Members/coa-2018/2018-04-29-credo-j-sant.mp3"" rel=""noopener"" target=""_blank"">Jai Santoro</a>."
4/22/2018,,,,,,"Coming of Age: Credo statements (in Members area) by <a href=""https://legacy.uugroton.org/Members/coa-2018/2018-04-22-credo-j-pods.mp3"" rel=""noopener"" target=""_blank"">Jacob Podsiadlo</a>, <a href=""https://legacy.uugroton.org/Members/coa-2018/2018-04-22-credo-l-bene.mp3"" rel=""noopener"" target=""_blank"">Luke Benedict</a>, <a href=""https://legacy.uugroton.org/Members/coa-2018/2018-04-22-credo-t-tess.mp3"" rel=""noopener"" target=""_blank"">Trent Tessier</a>, <a href=""https://legacy.uugroton.org/Members/coa-2018/2018-04-22-credo-c-hadl.mp3"" rel=""noopener"" target=""_blank"">Cameron Hadland</a>, <a href=""https://legacy.uugroton.org/Members/coa-2018/2018-04-22-credo-i-stur.mp3"" rel=""noopener"" target=""_blank"">Ivan Sturm</a>, <a href=""https://legacy.uugroton.org/Members/coa-2018/2018-04-22-credo-j-tess.mp3"" rel=""noopener"" target=""_blank"">Jacob Tessier</a>, <a href=""https://legacy.uugroton.org/Members/coa-2018/2018-04-22-credo-i-conn.mp3"" rel=""noopener"" target=""_blank"">Izzy Conners</a>."
4/15/2018,Critical Yeast,,2018-04-15.mp3,,,
4/8/2018,Infinity Calling Us Forth,,2018-04-08.mp3,,,
4/1/2018,Roll Away That Stone,,2018-04-01.mp3,,,
3/25/2018,,,,,,"Youth Service: reflections by <a href=""https://legacy.uugroton.org/Members/youth-service/2018-03-25-h-wats.mp3"" rel=""noopener"" target=""_blank"">Haley Watson</a>, <a href=""https://legacy.uugroton.org/Members/youth-service/2018-03-25-l-hill.mp3"" rel=""noopener"" target=""_blank"">Lara Hill</a>, <a href=""https://legacy.uugroton.org/Members/youth-service/2018-03-25-s-wood.mp3"" rel=""noopener"" target=""_blank"">Sara Woods</a>"
3/18/2018,This Can Happen Anywhere: What Love Can Do,,2018-03-18.mp3,,,
3/11/2018,A Thousand Prayers of Hope,,2018-03-11.mp3,,,
3/4/2018,Love Makes Us Brave,,2018-03-04.mp3,,,
2/25/2018,"Holding Hands and Climbing (Rev. Elea Kemler, read by Alyssa Dallas)",,2018-02-25-a-dall.mp3,,,
2/18/2018,"Fog, Dust, and Moving Forward",,2018-02-18.mp3,,,
2/11/2018,On Blessing,,2018-02-11.mp3,,,
2/4/2018,,,,,,"<a href=""https://uugroton.github.io/sermons/2018-02-04-s-iaco.mp3"" rel=""noopener"" target=""_blank"">Systemic and Systematic</a> (Sarah Iacobucci); <a href=""https://uugroton.github.io/sermons/2018-02-04-a-chas.mp3"" rel=""noopener"" target=""_blank"">Walking Each Other Home, Remix</a> (Alison Chase)"
1/28/2018,The Ground of Our Hope,,2018-01-28.mp3,,https://legacy.uugroton.org/Sermons/thegroundofourhope.html,
1/21/2018,365 Acts of Hope,,2018-01-21.mp3,,,
1/14/2018,The Redemptive Power of Love (Not an Easy Assignment),,2018-01-14.mp3,,,
1/7/2018,Choose a Strong Word,,2018-01-07.mp3,,,
12/24/2017,"Love Intentionally, Extravagantly",,2017-12-24.mp3,,,
12/17/2017,"Joy is an Act of Resistance, and Singing Too",,2017-12-17.mp3,,,
12/10/2017,,,,,,"Reading in Two Voices: God Gave Me a Word by Amy Petrie Shaw <br/>Sermon: Four Essential Things (Rev. Karen G. Johnston) (<a href=""https://uugroton.github.io/sermons/2017-12-10.mp3"" rel=""noopener"" target=""_blank"">audio</a>)"
12/3/2017,Keep Turning Your Face Toward This Earth,,,,https://legacy.uugroton.org/Sermons/keepturningyourfacetowardthisearth.html,
11/12/2017,Stories of Hope (Laura Wagner),,2017-11-12.mp3,,,
11/5/2017,The Difficult Angel Who Has Chosen You,,2017-11-05-partial.mp3=audio — partial,,https://legacy.uugroton.org/Sermons/thedifficultangelwhohaschosenyou.html,
10/29/2017,,,,,,"Remembering William Perry Brandt (Ellen Brandt) <br/>(<a href=""https://uugroton.github.io/sermons/2017-10-29-eb.mp3"" rel=""noopener"" target=""_blank"">audio</a> | <a href=""https://www.facebook.com/photo.php?fbid=1917169808308144&amp;set=a.332304146794726.85635.100000454298240"">transcript</a>)"
10/22/2017,Kind World Continues,,2017-10-22.mp3,,,
10/15/2017,Kind World,,2017-10-15.mp3,,,
10/8/2017,This Tender Thread,,2017-10-08.mp3,,https://legacy.uugroton.org/Sermons/thistenderthread.html,
10/1/2017,Still Becoming Able,,2017-10-01.mp3,,https://legacy.uugroton.org/Sermons/stillbecomingable.html,
9/24/2017,The Holy Work of Showing Up for Life,,2017-09-24.mp3,,,
9/17/2017,A Tender Teaching,,2017-09-17.mp3,,https://legacy.uugroton.org/Sermons/atenderteaching.html,
6/4/2017,"Wake Up, Give Thanks, Sing",,2017-06-04.mp3,,,
5/14/2017,What to Tell the Children,,2017-05-14.mp3,,,
5/7/2017,All of Us Need All of Us to Make It,,2017-05-07.mp3,,,
4/23/2017,Jewels of Gratitude,,2017-04-23.mp3,,,
4/16/2017,Keep Room for the Unimaginable,,2017-04-16.mp3,,,
4/9/2017,The Universe Speaks with the Vocabulary of Peace,,2017-04-09.mp3,,,
4/2/2017,,,,,,"Youth sermons: <a href=""https://uugroton.github.io/sermons/2017-04-02-j-frey.mp3"" rel=""noopener"" target=""_blank"">Jon Frey</a>, <a href=""https://uugroton.github.io/sermons/2017-04-02-i-pete.mp3"" rel=""noopener"" target=""_blank"">Ian Peterson</a>, <a href=""https://uugroton.github.io/sermons/2017-04-02-e-keyd.mp3"" rel=""noopener"" target=""_blank"">Eleanor Keydel</a>, <a href=""https://uugroton.github.io/sermons/2017-04-02-w-prem.mp3"" rel=""noopener"" target=""_blank"">Will Premru</a>, <a href=""https://uugroton.github.io/sermons/2017-04-02-k-hill.mp3"" rel=""noopener"" target=""_blank"">Kira Hill</a>"
3/26/2017,Building That World of Which We Dream,,2017-03-26.mp3,,,
3/19/2017,Blessed Are We,,2017-03-19.mp3,,,
3/12/2017,Every Hour. Even Here. Even Now.,,2017-03-12.mp3,,,
3/5/2017,Out of a Great Need,,2017-03-05.mp3,,,
2/19/2017,The We of Me,,2017-02-19.mp3,,,
2/12/2017,"Nevertheless, We Persist",,2017-02-12.mp3,,,
2/5/2017,The Time Has Chosen Us,,2017-02-05.mp3,,,
1/29/2017,We Can Do Hard Things,,2017-01-29.mp3,,,
1/22/2017,Reflections on the Kigali Reading Center,Parfait Gasana,2017-01-22-pgasana.mp3,,,
1/15/2017,What if the Mightiest Word is Love,,2017-01-15.mp3,,,
1/8/2017,How Brightness Makes a Home in You,,2017-01-08.mp3,,,
12/24/2016,,,,,,"(transcript) <a href=""https://legacy.uugroton.org/Sermons/somethingnewistryingtogetitselfborn.html"">Something New Is Trying to Get Itself Born</a>"
12/11/2016,Joy Strewn All Around,,2016-12-11.mp3,,,
12/4/2016,How We Bear the Light,,2016-12-04.mp3,,,
11/13/2016,We’re All Just Walking Each Other Home,,2016-11-13.mp3,,,
11/6/2016,Love and Grace Bat Last,,2016-11-06.mp3,,,
10/23/2016,This is the Sound of All of Us,,2016-10-23.mp3,,,
10/16/2016,Open to the Stars and Weather,,2016-10-16.mp3,,,
10/9/2016,Clumsy Transformations,,2016-10-09.mp3,,,
10/2/2016,Active Hope: A New Story for a New Year,,2016-10-02.mp3,,,
9/25/2016,,,,,,"<a href=""https://uugroton.github.io/sermons/2016-09-25-as.mp3"" rel=""noopener"" target=""_blank"">Our Project</a> (Rev. Aaron Stockwell) | <a href=""https://uugroton.github.io/sermons/2016-09-25-ek.mp3"" rel=""noopener"" target=""_blank"">Gather the Sparks</a> (Rev. Elea Kemler)"
9/18/2016,More Beautiful for Having Been Broken,,2016-09-18.mp3,,https://legacy.uugroton.org/Sermons/morebeautifulforhavingbeenbroken.html,
6/19/2016,,,,,,"An Invisible Thread: A Farewell Sermon (Rev. Karen G. Johnston) (<a href=""https://uugroton.github.io/sermons/2016-06-19.mp3"" rel=""noopener"" target=""_blank"">audio</a> | <a href=""http://blog.awakeandwitness.net/wp/2016/06/an-invisible-thread-a-farewell-sermon/"">transcript</a>)"
6/5/2016,"If You Want God to Laugh, Make Plans",Rev. Elea Kemler,2016-06-05.mp3,,,
5/29/2016,"Listening as an Act of Love: The Stories that Heal, Transform and Bring Us Home",,2016-05-29.mp3,,,
5/15/2016,,,,,,"<a href=""https://uugroton.github.io/sermons/2016-05-15-elea-chalice.mp3"" rel=""noopener"" target=""_blank"">Chalice Lighting</a> (Rev. Elea Kemler) <br/> <a href=""https://uugroton.github.io/sermons/2016-05-15.mp3"" rel=""noopener"" target=""_blank"">You Say Hello...</a> (Almost-nearly-but-not-quite-yet-Rev. Karen G. Johnston) (<a href=""http://blog.awakeandwitness.net/wp/2016/05/you-say-hello-love-is-everything-sermon/"">transcript</a>)"
5/8/2016,Litany of Endearments,Rev. Lilia Cuervo,2016-05-08.mp3,,,
5/1/2016,,,,,,"Three sermonettes: <a href=""https://uugroton.github.io/sermons/2016-05-01-s-iacobucci.mp3"" rel=""noopener"" target=""_blank"">It Was Designed That Way</a> (Sarah Iacobucci); <a href=""https://uugroton.github.io/sermons/2016-05-01-j-wool.mp3"" rel=""noopener"" target=""_blank"">Building a Moral Compass</a> (Jack Wool); <a href=""https://uugroton.github.io/sermons/2016-05-01-s-boczenowski.mp3"" rel=""noopener"" target=""_blank"">Where Do We Go from Here</a> (Steve Boczenowski)"
4/24/2016,Holy Envy,"Karen G. Johnston, Sabbatical Minister",2016-04-24.mp3,,,
4/17/2016,Small,"Karen G. Johnston, Sabbatical Minister",2016-04-17.mp3,,,
3/27/2016,,,,,,"The Limits of Our Senses (Karen G. Johnston, Sabbatical Minister): <a href=""https://uugroton.github.io/sermons/2016-03-27.mp3"" rel=""noopener"" target=""_blank"">audio</a> | <a href=""http://blog.awakeandwitness.net/wp/2016/03/the-limits-of-our-senses-redux-an-easter-sermon-sermon/"">transcript</a>"
3/20/2016,,,,,,"The Paradox of Generosity &amp; Scarcity (Karen G. Johnston, Sabbatical Minister): <a href=""https://uugroton.github.io/sermons/2016-03-20.mp3"" rel=""noopener"" target=""_blank"">audio</a> | <a href=""http://blog.awakeandwitness.net/wp/2016/03/the-paradox-of-generosity-and-scarcity/"">transcript</a>"
3/13/2016,A Great Cloud of Witnesses,Matt Meyer,2016-03-13.mp3,,,
3/6/2016,,,,,,"<a href=""https://uugroton.github.io/sermons/2016-03-06.mp3"" rel=""noopener"" target=""_blank"">The Work (in Progress)</a> Written by Rev. Peter Boullata and originally delivered at the ordination of Rev. Aaron Stockwell. Delivered today by Gregg Baker, Chair of the FPCoG Joint Board"
2/28/2016,,,,,,"Illuminating the Ministry of Joshua Young (Karen G. Johnston, Sabbatical Minister) <a href=""https://uugroton.github.io/sermons/2016-02-28.mp3"" rel=""noopener"" target=""_blank"">audio</a> | <a href=""http://blog.awakeandwitness.net/wp/2016/03/illuminating-the-ministry-of-joshua-young-his-ministry-still-speaks-sermon/"">transcript</a>"
2/21/2016,"Always Creating, Always Building","Rev. Tom Nalesnik, guest minister",2016-02-21.mp3,,,
2/14/2016,Redemption Song,"Jeanne Nieuwejaar, guest minister",2016-02-14.mp3,,,
1/31/2016,Practicing the Art of Losing,"Karen G. Johnston, Sabbatical Minister",2016-01-31.mp3,,,
1/24/2016,We Stand at a New Doorway,,2016-01-24.mp3,,,
1/17/2016,"Anti-Racism, Anti-Oppression, Multiculturalism: What’s In It for White People",Ken Wagner,2016-01-17.mp3,,,
1/10/2016,"Persistently, Abundantly, Miraculously the Way It Is",,2016-01-10.mp3,,,
1/3/2016,What Ships Are Built For,,2016-01-03.mp3,,,
12/24/2015,Lift Your Face Toward the Light,,2015-12-24%2B730.mp3,,https://legacy.uugroton.org/Sermons/liftyourfacetowardthelight.html,
12/13/2015,"If We Don’t Believe in Hell, Does It Still Exist?","Karen G. Johnston, Intern Minister",2015-12-13.mp3,,,
12/6/2015,"Go Lightly, Toward Light, Toward Beauty",,2015-12-06.mp3,,,
11/29/2015,,,,,,"Reflections on Making the Way by Walking: <a href=""https://uugroton.github.io/sermons/2015-11-29-c-rogers.mp3"" rel=""noopener"" target=""_blank"">Christina Rogers</a> | <a href=""https://uugroton.github.io/sermons/2015-11-29-m-benson.mp3"" rel=""noopener"" target=""_blank"">Marisa Benson</a>"
11/15/2015,We Make the Way by Walking,,2015-11-15.mp3,,,
11/8/2015,,,,,,"Reflections on Veterans in Two Voices: <a href=""https://uugroton.github.io/sermons/2015-11-08-kj.mp3"" rel=""noopener"" target=""_blank"">Karen G. Johnston, Intern Minister</a> | <a href=""https://uugroton.github.io/sermons/2015-11-08-ek.mp3"" rel=""noopener"" target=""_blank"">Rev. Elea Kemler</a>"
11/1/2015,Reflections on Love and Grief,Frank Sapp,2015-11-01.mp3,,,
10/25/2015,Imagine a World,,2015-10-25.mp3,,,
10/18/2015,Invite Wonder,,2015-10-18.mp3,,,
10/11/2015,,,,,,"Everything Possible: On the Fluidity of Humanity (Karen G. Johnston, Intern Minister) <a href=""https://uugroton.github.io/sermons/2015-10-11.mp3"" rel=""noopener"" target=""_blank"">audio</a> | <a href=""http://awakeandwitness.net/2015/10/11/everything-possible-on-the-fluidity-of-humanity-sermon/"">transcript</a>"
10/4/2015,"Ten Thousand Prayers, Ten Thousand Paths to Hope",,2015-10-04.mp3,,,
9/27/2015,Hearing the Call of Your Heart,,2015-09-27.mp3,,,
9/20/2015,Hearing the Call to Renewal,,2015-09-20.mp3,,https://legacy.uugroton.org/Sermons/hearingthecalltorenewal.html,
6/21/2015,Love Is Best But Baseball Is Pretty Good,,2015-06-21.mp3,,,
5/24/2015,,,,,,"On Not Waiting to Be the Hummingbird (Karen G. Johnston, Intern Minister): <a href=""https://uugroton.github.io/sermons/2015-05-24.mp3"" rel=""noopener"" target=""_blank"">audio</a> | <a href=""http://blog.awakeandwitness.net/wp/2015/05/24/on-not-waiting-to-be-the-hummingbird-sermon/"">transcript</a>"
5/17/2015,Why We Are Here,,2015-05-17.mp3,,,
5/3/2015,Let Me Show You Beauty,,2015-05-03.mp3,,,
4/26/2015,,,,,,"Holding this Earth: Our Gratitude, Our Pain, Our Hope (Karen G. Johnston, Intern Minister): <a href=""https://uugroton.github.io/sermons/2015-04-26.mp3"" rel=""noopener"" target=""_blank"">audio</a> | <a href=""http://blog.awakeandwitness.net/wp/2015/04/26/how-of-now-holding-this-earth-our-gratitude-our-pain-sermon/"">transcript</a>"
4/5/2015,A Call to Such Rising,,2015-04-05.mp3,,,
3/29/2015,See What Road Appears,,2015-03-29.mp3,,,
3/22/2015,,,,,,"Youth Service Reflections — <a href=""https://uugroton.github.io/sermons/anya-31mar.mp3"" rel=""noopener"" target=""_blank"">Anya</a> | <a href=""https://uugroton.github.io/sermons/alejandro-22mar.mp3"" rel=""noopener"" target=""_blank"">Alejandro</a> | <a href=""https://uugroton.github.io/sermons/emma-22mar.mp3"" rel=""noopener"" target=""_blank"">Emma</a> | <a href=""https://uugroton.github.io/sermons/kaitlin-22mar.mp3"" rel=""noopener"" target=""_blank"">Kaitlin</a> | <a href=""https://uugroton.github.io/sermons/brayden-22mar.mp3"" rel=""noopener"" target=""_blank"">Brayden</a>"
3/15/2015,Begin Again in Love,"Karen G. Johnston, Intern Minister",2015-03-15.mp3,,,
3/8/2015,Hope is a Road,,2015-03-08.mp3,,,
2/22/2015,Choosing Open Eyes,"Karen G. Johnston, Intern Minister",2015-02-22.mp3,,,
2/8/2015,To Save What Matters Most,,2015-02-08.mp3,,,
2/1/2015,Thanks for the Memories,Rev. Charles Gaines,2015-02-01-c-gaines.mp3,,,
1/25/2015,,,,,,"<a href=""https://uugroton.github.io/sermons/2015-01-25-kj.mp3"" rel=""noopener"" target=""_blank"">Abundance Scooped From Abundance</a> (Karen G. Johnston, Intern Minister) | <a href=""https://uugroton.github.io/sermons/2015-01-25-ek.mp3"" rel=""noopener"" target=""_blank"">Always Enough</a> (Rev. Elea Kemler)"
1/18/2015,,,,,,"Who Is My Neighbor? <a href=""https://uugroton.github.io/sermons/2015-01-18-elea.mp3"" rel=""noopener"" target=""_blank"">Rev. Elea Kemler</a> | <a href=""https://uugroton.github.io/sermons/2015-01-18-e-payne.mp3"" rel=""noopener"" target=""_blank"">Rev. Eustace D. Payne Jr.</a> | <a href=""https://uugroton.github.io/sermons/2015-01-18-c-bogues.mp3"" rel=""noopener"" target=""_blank"">Charles Bogues</a>"
1/11/2015,Come With Your Wild Imaginings,,2015-01-11.mp3,,,
12/14/2014,The Shared World: Lessons in Joy and (Dis)Comfort,Intern Minister Karen G. Johnston,2014-12-14.mp3,,,
12/7/2014,"So Bold, So Brave, So Loving",,2014-12-07.mp3,,https://legacy.uugroton.org/Sermons/sobravesoboldsoloving.html,
11/30/2014,,,,,,"<p>Two reflections on growing up UU: <a href=""https://uugroton.github.io/sermons/2014-11-30-chris-funch.mp3"" rel=""noopener"" target=""_blank"">Chris Funch</a>; <a href=""https://uugroton.github.io/sermons/2014-11-30-grace-flannagan.mp3"" rel=""noopener"" target=""_blank"">Grace Flannagan</a> </p>"
11/16/2014,,,,,,"<p>Transcript: <a href=""https://legacy.uugroton.org/Sermons/blessingsofaquietheart.html"">The Blessing of a Quiet Heart</a> </p>"
11/9/2014,Calling on Wholeness,,2014-11-09.mp3,,,
11/2/2014,How They Move in Us,,2014-11-02.mp3,,,
10/26/2014,,,,,,"<p><a href=""https://uugroton.github.io/sermons/2014-10-26.mp3"" rel=""noopener"" target=""_blank"">Who Do We Shelter Now?</a>; <br/><a href=""https://uugroton.github.io/sermons/2014-10-26-opening-the-doors.mp3"" rel=""noopener"" target=""_blank"">Opening the Doors</a> </p>"
10/19/2014,This Holy Ground Called Love,,2014-10-19.mp3,,,
10/12/2014,,,,,,"<p>Nobody, but Nobody Can Make It Out Here Alone (Intern Minister Karen G. Johnston): <a href=""https://uugroton.github.io/sermons/2014-10-12.mp3"" rel=""noopener"" target=""_blank"">audio</a> – <a href=""http://blog.awakeandwitness.net/wp/2014/10/12/nobody-but-nobody-can-make-it-out-here-alone-sermon/"">transcript</a> </p>"
10/5/2014,The Language of Love,Rev. Jeanne Harrison Nieuwejaar,2014-10-05.mp3,,,
9/28/2014,Engaging Life with Tenderness,,2014-09-28.mp3,,,
9/21/2014,Taste This Sweetness,,2014-09-21.mp3,,,
9/14/2014,Out of a Great Need: This Shared Faith,,2014-09-14.mp3,,,
5/25/2014,Who Is With Us On The Road?,Laura Geoghegan Kellner,2014-05-25.mp3,,,
5/18/2014,The Annual State of the Congregation Address,,2014-05-18.mp3,,,
5/11/2014,Teach Us All You Can of Saying Yes,,2014-05-11.mp3,,,
5/4/2014,And That Has Made All the Difference,,2014-05-04.mp3,,,
4/20/2014,Rolling the Stone from the Tomb of Longing,,2014-04-20.mp3,,,
4/13/2014,Pilgrims on This Road of Love and Ashes,,2014-04-13.mp3,,,
4/6/2014,,,,,,"<p>Four Short Sermons on Courage: <a href=""https://uugroton.github.io/sermons/2014-04-06-will-frey.mp3"" rel=""noopener"" target=""_blank"">Will Frey</a> | <a href=""https://uugroton.github.io/sermons/2014-04-06-hannah-tellier.mp3"" rel=""noopener"" target=""_blank"">Hannah Tellier</a> | <a href=""https://uugroton.github.io/sermons/2014-04-06-tom-grigglestone.mp3"" rel=""noopener"" target=""_blank"">Tom Grigglestone</a> | <a href=""https://uugroton.github.io/sermons/2014-04-06-abbie-clark.mp3"" rel=""noopener"" target=""_blank"">Abbie Clark</a> </p>"
3/30/2014,Eat What Is Good,,2014-03-30.mp3,,,
3/23/2014,,,,,,"<p><a href=""https://uugroton.github.io/sermons/2014-03-23-invocation.mp3"" rel=""noopener"" target=""_blank"">Invocation</a> | <a href=""https://uugroton.github.io/sermons/2014-03-23.mp3"" rel=""noopener"" target=""_blank"">The Giants Are Dancing</a> (Laura Geoghegan Kellner) </p>"
3/16/2014,Not So Fast — Beyond Loaves and Fishes,Aaron Stockwell,2014-03-16.mp3,,,
3/9/2014,A Season for Wandering,,2014-03-09.mp3,,,
3/2/2014,A Quiet Source of Strength,,2014-03-02.mp3,,,
2/23/2014,On Wonder and Imagination,Laura Geoghegan Kellner,2014-02-23.mp3,,,
2/16/2014,Now is the Time,,2014-02-16.mp3,,,
2/9/2014,Spirituality of Imperfection (Rev. Kimberly Tomaszewski),,2014-02-09.mp3,,https://legacy.uugroton.org/Sermons/spiritualityofimperfection-kt.html,
2/2/2014,People Get Ready: In Celebration of the Generous Life,,2014-02-02.mp3,,,
1/26/2014,The Gratitude Project,,2014-01-26.mp3,,https://legacy.uugroton.org/Sermons/thegratitudeproject.html,
1/19/2014,"Reflections on service by Sara Woods, Brenna Mayer, and Steve Boczenowski",,,,https://legacy.uugroton.org/Sermons/mlk-reflections-2014-01-19.html,
1/12/2014,Every Luminous Moment,,2014-01-12.mp3,,,
1/5/2014,Waste Your Heart on Fear No More: Reflections on the New Year,,2014-01-05.mp3,,,
12/24/2013,Make Your Life an Answer,,2013-12-24-730.mp3,,,
12/15/2013,It Will Astonish You: Reflections on Joy,,2013-12-15.mp3,,,
12/1/2013,"A Plan for Existence, a Plan for the Sublime (Joel Wool)",,2013-12-01-joel-wool.mp3,,https://legacy.uugroton.org/Sermons/plan-existence-sublime-joel-wool.html,
11/17/2013,The Heart is an Unerring Compass,,2013-11-17.mp3,,,
11/10/2013,What If?,,2013-11-10.mp3,,,
11/3/2013,Open Door and the Strategic Plan,,2013-11-03.mp3,,,
10/27/2013,Loosen Your Hands,,2013-10-27.mp3,,,
10/20/2013,A Sanctuary of Peace and a Welcome Table,,2013-10-20.mp3,,,
10/13/2013,Ja Helo (Czech Mountain Greeting) — Libana,,libana-ja-helo-2013-10-13.mp3,,,
10/6/2013,And We Call This the Repair of the World,,2013-10-06.mp3,,,
9/29/2013,,,,,,"<p><a href=""https://uugroton.github.io/sermons/2013-09-29.mp3"" rel=""noopener"" target=""_blank"">Taste and See</a> | <br/><a href=""https://uugroton.github.io/sermons/2013-09-29-reading.mp3"" rel=""noopener"" target=""_blank"">Reading (Laura Geoghegan Kellner)</a></p>"
9/22/2013,A Life Constructed Around Love,,2013-09-22.mp3,,,
9/15/2013,The Restoration of our Hearts,,2013-09-15.mp3,,,
9/8/2013,Gathering of the Water,,2013-09-08-water.mp3,,,
6/2/2013,"Summer Spirit, Summer Mind",,2013-06-02.mp3,,,
5/19/2013,A Long Road Together: The Minister’s Annual Report to the Congregation,,2013-05-19.mp3,,,
3/24/2013,The Terrible Blessings of the Journey,,2013-03-24.mp3,,,
3/17/2013,Reflections,,2013-03-17.mp3,,,
3/10/2013,Sacred Time,,2013-03-10.mp3,,,
3/3/2013,,,,,,"<p><a href=""https://uugroton.github.io/sermons/2013-03-03.mp3"" rel=""noopener"" target=""_blank"">Finally To Unfold Again: Spiritual Renewal and the Practice of Prayer</a> [truncated]</p>"
2/24/2013,"Going Deeper, Coming Home: Spiritual Renewal and the Practice of Prayer",,2013-02-24.mp3,,,
2/17/2013,Our Song at the Sea,Matt Meyer,2013-02-17.mp3,,,
2/3/2013,Truth and Emptiness: Reflections on the Fourth Principle,,2013-02-03.mp3,,,
1/27/2013,"One Sun, One Ground, One Sky",,2013-01-27.mp3,,,
1/20/2013,,,,,,"<p><b>Lay-led service for Martin Luther King Day</b></p> <p><a href=""https://uugroton.github.io/sermons/2013_01_20_Betty_Chalice.mp3"" rel=""noopener"" target=""_blank"">Chalice lighting</a> – Betty Keddy</p> <p><a href=""https://uugroton.github.io/sermons/2013-01-20_Paul_Reading.mp3"" rel=""noopener"" target=""_blank"">Excerpts from Drum Major Instinct</a> by Dr. M. L. King Jr. – Paul Harter</p> <p><a href=""https://uugroton.github.io/sermons/2013-01-20-Barbara-Restorative-Justice.mp3"" rel=""noopener"" target=""_blank"">Restorative Justice</a> – Barbara Rich</p> <p><a href=""https://uugroton.github.io/sermons/2013-01-20-June-Prison-Ministry.mp3"" rel=""noopener"" target=""_blank"">Prison Ministry/ AVP</a> – June Adams Johnson</p> <p><a href=""https://uugroton.github.io/sermons/2013-01-20-Donna-Interfaith.mp3"" rel=""noopener"" target=""_blank"">Groton Interfaith Council</a> – Donna Nowak</p>"
1/13/2013,Paint From the Inside,,2013-01-13.mp3,,,
12/24/2012,The Blessed Light That Comes,,2012-12-24.mp3,,,
12/16/2012,Words for Dec. 16,,2012-12-16.mp3,,https://legacy.uugroton.org/Sermons/wordsfordec16.html,
11/18/2012,Around Our Grateful Table,,2012-11-18.mp3,,,
11/4/2012,The Passionate Heart of Joshua Young,Rev. Elz Curtiss,2012-11-04.mp3,,,
10/28/2012,"Beloved Then, Now and Always",,2012-10-28.mp3,,,
10/21/2012,The Heart of a Sojourner,,2012-10-21.mp3,,,
10/14/2012,"Get Found, Sing Loud!",,2012-10-14.mp3,,,
10/7/2012,Eye to Eye and Soul to Soul,,2012-10-07.mp3,,,
9/30/2012,The Shelter of Each Other,,2012-09-30.mp3,,,
9/23/2012,Carbonated Holiness — On Laughter and Forgiving,,2012-09-23.mp3,,,
9/16/2012,Who We Haven't Yet Become,,2012-09-16.mp3,,,
5/27/2012,,,,,,"<p><a href=""https://uugroton.github.io/sermons/2012-05-27-ellen.mp3"" rel=""noopener"" target=""_blank"">Memorial Day Reflections</a> (Ellen Todd)</p> <p><a href=""https://uugroton.github.io/sermons/2012-05-27.mp3"" rel=""noopener"" target=""_blank"">Bless the Poets and Those Who Mourn</a> (Rev. Elea Kemler)</p>"
5/13/2012,To Bless the World,,2012-05-13.mp3,,,
5/6/2012,A Call to Those Who Remember the Dreams of Our Youth,,2012-05-06.mp3,,,
4/29/2012,The God Who Knows Only Four Words: Come Dance With Me,,2012-04-29.mp3,,https://legacy.uugroton.org/Sermons/thegodwhoknowsonlyfourwords.html,
4/22/2012,"We are Grateful, Good Earth",,2012-04-22.mp3,,,
4/15/2012,Dancing on the Edge of Maybe,,2012-04-15.mp3,,,
4/8/2012,Woken from the Sleep of Ages,,2012-04-08.mp3,,,
4/1/2012,Pilgrims on the Road of Dust and Ashes,,2012-04-01.mp3,,,
3/25/2012,,,,,,"<p><a href=""https://uugroton.github.io/sermons/2012-03-25-clara.mp3"" rel=""noopener"" target=""_blank"">Reflections</a> (Clara O'Rourke)</p> <p><a href=""https://uugroton.github.io/sermons/2012-03-25-meghan.mp3"" rel=""noopener"" target=""_blank"">Reflections</a> (Meghan McNierney)</p> <p><a href=""https://uugroton.github.io/sermons/2012-03-25-grace.mp3"" rel=""noopener"" target=""_blank"">Reflections</a> (Grace)</p>"
3/18/2012,,,,,,"<p><a href=""https://uugroton.github.io/sermons/2012-03-18.mp3"" rel=""noopener"" target=""_blank"">Over and Over Again</a> [truncated]</p>"
3/11/2012,Use Your Wings to Show You're Alive,,2012-03-11.mp3,,,
3/4/2012,The Open Doors of the Heart,,2012-03-04.mp3,,https://legacy.uugroton.org/Sermons/theopendoorsoftheheart.html,
2/26/2012,Let This be a Season for Wandering,,2012-02-26.mp3,,,
2/12/2012,The Gift of Deeper Sight,,2012-02-12.mp3,,,
2/5/2012,Bring Your Broken Heart to This Altar of Life,,2012-02-05.mp3,,,
1/29/2012,Put a Pebble in My Shoe,Melinda Green,2012-01-29-melinda.mp3,,,
1/22/2012,The Holy Thing Inside You,,2012-01-22.mp3,,,
1/15/2012,,,,,,"<p><a href=""https://uugroton.github.io/sermons/2012-01-15-CityReach.mp3"" rel=""noopener"" target=""_blank"">Reflections on CityReach</a> (Gregg Baker &amp; Braydon Woods)</p> <p><a href=""https://uugroton.github.io/sermons/2012-01-15-PrisonMinistry.mp3"" rel=""noopener"" target=""_blank"">Reflections on Prison Ministry</a> (Pat Parker-Roach &amp; Justin Holmes)</p> <p><a href=""https://uugroton.github.io/sermons/2012-01-15-Nicaragua.mp3"" rel=""noopener"" target=""_blank"">Reflections on Nicarugua</a> (Ed O’Rourke &amp; Clara O’Rourke)</p> <p><a href=""https://uugroton.github.io/sermons/2012-01-15-TADS.mp3"" rel=""noopener"" target=""_blank"">Reflections on TADS (Teenage Anxiety and Depression Solutions) </a> (Steve Boczenowsk)</p>"
1/8/2012,Heeding the Signposts of Intuition and Dream,,2012-01-08.mp3,,,
12/24/2011,Life is So Generous: Christmas Eve Message 2011,,2011-12-24.mp3,,https://legacy.uugroton.org/Sermons/lifeissogenerous.html,
12/11/2011,To Reteach a Thing Its Loveliness,,2011-12-11.mp3,,,
12/4/2011,Say the Thing That You Most Need and the Door Will Open Wide,,2011-12-04.mp3,,https://legacy.uugroton.org/Sermons/saythethingyoumostneed.html,
11/27/2011,Return to the Place Where Your Heart Is (Aaron Stockwel),,2011-11-27.mp3,,,
11/13/2011,Every Small Spring Rising,,2011-11-13.mp3,,,
11/6/2011,Reflections on Ten Years as a Welcoming Congregation,,2011-11-06.mp3,,,
10/23/2011,Touch Wonder,,2011-10-23.mp3,,,
10/16/2011,We Stand As In An Open Field,,2011-10-16.mp3,,,
10/9/2011,Walking Our Paths,,2011-10-09.mp3,,,
10/2/2011,Open Your Fists: A Reflection on Yom Kippur,,2011-10-02.mp3,,,
9/25/2011,Sweet and Thankful For Any Small Gesture,,2011-09-25.mp3,,,
9/18/2011,Strong and Strong Again: Steeple Navigation Part Two,,2011-09-18.mp3,,,
6/5/2011,What Sustains Us: The Taste of Honey and the Touch of Stone,,2011-06-05.mp3,,,
5/29/2011,Making Real A Dream Once Lost Among Sorrows and Songs,,2011-05-29.mp3,,,
5/22/2011,The Answer to Every Question,,2011-05-22.mp3,,,
5/15/2011,The Doorway into Thanks and Silence,,2011-05-15.mp3,,,
5/8/2011,"A Great, Common Tenderness",,2011-05-08.mp3,,,
4/24/2011,What Makes You Come Alive,,2011-04-24.mp3,,,
4/17/2011,If You Have Seen,,2011-04-17.mp3,,,
4/10/2011,Perfection,,2011-04-10.mp3,,,
4/3/2011,The Road to Holiness,,2011-04-03.mp3,,,
3/27/2011,You Must Answer This Question,,2011-03-27.mp3,,,
3/20/2011,"Hearts Opening, Very Wide",,2011-03-20.mp3,,,
3/13/2011,The Shared World,,2011-03-13.mp3,,,
3/6/2011,Ten Year Reflections,,2011-03-06.mp3,,,
2/27/2011,Whose Silence Are You?,,2011-02-27.mp3,,,
1/30/2011,Reflections on Fifty Years in Ministry,Rev. Charles Gaines,2011-01-30.mp3,,,
1/23/2011,"Stories of Power, Stories of Repair",,2011-01-23.mp3,,,
1/16/2011,"Everybody Can be Great, Because Anybody Can Serve",,2011-01-16.mp3,,,
1/9/2011,"Inspiration, Art, and Spirit",,2011-01-09.mp3,,,
1/2/2011,These Ways of Seeing,,2011-01-02.mp3,,,
12/24/2010,A Man Who Listened to Dreams,,2010-12-24-7-30.mp3,,,
12/12/2010,"While Waiting for Light, Bring Light",,2010-12-12.mp3,,,
12/5/2010,Hannukah To Haiti,Joel Wool,2010-12-05.mp3,,,
11/28/2010,Seven Gifts,Michael Roberts,2010-11-28.mp3,,,
11/14/2010,Choosing To Be True Human Beings,,2010-11-14.mp3,,,
11/7/2010,Dramatic Reading: Rev. John Farwell Moors,,2010-11-07.mp3,,,
10/31/2010,Eternity Breaking In,,2010-10-31.mp3,,,
10/24/2010,"Then, Love the World",,2010-10-24.mp3,,,
10/17/2010,Room In the House of the Heart,,2010-10-17.mp3,,,
10/10/2010,To Be,Arron Stockwell,2010-10-10.mp3,,,
9/26/2010,Our True Home is Under the Stars,,2010-09-26.mp3,,,
9/19/2010,How the Heart Wants to Be Alive,,2010-09-19.mp3,,,
5/30/2010,"The Responsibility of Memory, The Strength of Hope",,2010-05-30.mp3,,,
5/16/2010,The Compass of the Heart,,2010-05-16.mp3,,,
5/9/2010,Filling In the Silences,,2010-05-09.mp3,,,
5/2/2010,Quiet In Heart,,2010-05-02.mp3,,,
4/25/2010,Reflections For Earth Day,,2010-04-25.mp3,,,
4/18/2010,The Ground on Which We Walk Together,,2010-04-18.mp3,,,
4/4/2010,There Is Time Left,,2010-04-04.mp3,,,
3/28/2010,Telling a New Story,,2010-03-28.mp3,,,
3/21/2010,Is Anyone Thirsty? Come and Drink,,2010-03-21.mp3,,,
3/14/2010,We Are Saying Thank You,,2010-03-14.mp3,,,
3/7/2010,Lifted Out Into the Light,,2010-03-07.mp3,,,
2/28/2010,Go Into the Place Called Barren; Stand In the Place Called Empty,,2010-02-28.mp3,,,
2/21/2010,Dancing With Shadows and Light,,2010-02-21.mp3,,,
2/7/2010,Waiting to See Us Once Beautiful and Brave,,2010-02-07.mp3,,,
1/31/2010,Welcome to the Mountain of Fire and Miracles,,2010-01-31.mp3,,,
1/24/2010,The Passing of a Threshold is at Hand,,2010-01-24.mp3,,,
1/17/2010,Reflections On Service,,2010-01-17.mp3,,,
1/10/2010,The Dream of a Common Language,,2010-01-10.mp3,,,
1/3/2010,No Smoldering Twig,,2010-01-03.mp3,,,
12/24/2009,The Turning Open of Each Life,,2009-12-24.mp3,,,
12/13/2009,"While Waiting for Hope, Be Hope",,2009-12-13.mp3,,,
12/6/2009,"Waiting for the Light, Being the Light",,2009-12-06.mp3,,,
11/15/2009,"Come to Prayer, Come to Well-Being",,2009-11-15.mp3,,,
11/8/2009,Service of the Heart,,2009-11-08.mp3,,,
10/25/2009,"Laughing in Astonishment, Bowing Our Heads: The Mysteries of the Jesus Prayer",,2009-10-25.mp3,,,
10/18/2009,Perhaps This Gift Is Your Answer,,2009-10-18.mp3,,,
9/27/2009,Go Lightly Toward Light,,2009-09-27.mp3,,,
9/20/2009,Dawn By Dawn: Seeing Our Way Clear,,2009-09-20.mp3,,,
5/31/2009,Bless Us With Foolishness & Bridges to Community,,2009-05-31.mp3,,,
5/24/2009,"The Responsibility of Memory, The Strength of Hope",,2009-05-24.mp3,,,
5/17/2009,Reflections on Mental Health,,2009-05-17.mp3,,,
5/10/2009,The Great Human Family,,2009-05-10.mp3,,,
4/26/2009,Glad to the Brink of Fear,Sue Phillips,2009-04-26.mp3,,,
4/12/2009,New Life Always Arriving,,2009-04-12.mp3,,,
4/5/2009,The Terrible Blessing of the Journey,,2009-04-05.mp3,,,
3/29/2009,"Quiet In Heart, and In Eye, Clear",,2009-03-29.mp3,,,
3/22/2009,Wisdom Ancient & Emerging,,2009-03-22.mp3,,,
3/8/2009,Holding the World in Trust,,2009-03-08.mp3,,,
2/22/2009,"What Time, Grace, and Circumstances Will Make Us",,2009-02-22.mp3,,,
2/15/2009,Common Love,,2009-02-15.mp3,,,
2/1/2009,To Save What Matters Most,,2009-02-01.mp3,,,
1/25/2009,Walking Forward In that Light,,2009-01-25.mp3,,,
1/11/2009,The Great Gift of Time: Stories That Transform Our Lives,,2009-01-11.mp3,,,
1/4/2009,Can You Imagine It: Reflections for the New Year,,2009-01-04.mp3,,,
12/24/2008,Fear Not the Strangeness,,2008-12-24.mp3,,,
12/14/2008,Sing Sturdy Songs,,2008-12-14.mp3,,,
12/7/2008,At the Threshold,,2008-12-07.mp3,,,
11/16/2008,"Member Expectations, Caring For One Another",,2008-11-16.mp3,,,
11/9/2008,"Building the Beloved Community, Honor Differences",,2008-11-09.mp3,,,
11/2/2008,Remembering Our Journey,George Downey,2008-11-02.mp3,,,
10/26/2008,Building a Beloved Community,,2008-10-26.mp3,,,
10/19/2008,Building a Beloved Community,,2008-10-19.mp3,,,
10/12/2008,Living a Life of Meaning and Purpose,,2008-10-12.mp3,,,
10/5/2008,"Praise the Light That Shines Before Us, Through Us, After Us",,2008-10-05.mp3,,,
9/28/2008,"Every Stone on the Road, Precious",,2008-09-28.mp3,,,
9/14/2008,Navigating By Steeple: A Vision For the Year Ahead,,2008-09-14.mp3,,,
